{"extensionType":"field_faas","i18nMap":{"zh-CN":{"source":"待转换字段","p1":"请选择文本类型字段","p3":"数字之间用英文逗号分隔","p2":"排序列表","p4":"中位数"},"en-US":{"source":"Field to be converted","p1":"Please select a text-type field","p3":"Separate numbers with commas","p2":"Sorted list","p4":"Median"},"ja-JP":{"source":"変換対象フィールド","p1":"テキストタイプのフィールドを選択してください","p3":"数字はカンマで区切ってください","p2":"ソートされたリスト","p4":"中央値"}},"fields":[{"fieldType":25,"uiSchema":{"fieldsConfigEditor":{"component":"OpenFieldMetaEditor","props":{"schema":{"items":[{"key":"source","label":"${{source}}","component":"FieldSelect","props":{"supportType":[1,2],"placeholder":"${{p1}}"},"tooltips":[{"type":"text","content":"${{p3}}"}],"validator":{"required":true}}]}}}},"presetFieldConfig":{"fieldProperty":{"propertyType":25,"icon":{"light":"https://lf3-static.bytednsdoc.com/obj/eden-cn/abjayvoz/ljhwZthlaukjlkulzlp/2024q3/fenweishu.png?x-resource-account=public"},"properties":[{"key":"primaryProperty","title":"${{p2}}","propertyType":1},{"key":"id","title":"${{p2}}","propertyType":1,"hidden":true},{"key":"median","title":"${{p4}}","extra":{"formatter":"0.00"},"propertyType":2},{"key":"percent0","title":"0%","extra":{"formatter":"0.00"},"propertyType":2},{"key":"percent25","title":"25%","extra":{"formatter":"0.00"},"propertyType":2},{"key":"percent50","title":"50%","extra":{"formatter":"0.00"},"propertyType":2},{"key":"percent75","title":"75%","extra":{"formatter":"0.00"},"propertyType":2},{"key":"percent100","title":"100%","extra":{"formatter":"0.00"},"propertyType":2}]},"externalEditorConfig":{}}}]}